transaction_id,timestamp,merchant_id
345678,30-11-2023 08:15,1234567
123456,30-11-2023 15:32,9876543
890123,30-11-2023 20:47,4567890
567890,30-11-2023 04:22,7654321
234567,30-11-2023 12:10,2345678
456789,30-11-2023 18:55,8765432
789012,30-11-2023 09:38,3456789
678901,30-11-2023 14:20,6543210
345612,30-11-2023 22:05,8901234
901234,30-11-2023 06:40,5678901
567812,30-11-2023 16:48,4321098
123890,30-11-2023 11:03,2109876
789056,30-11-2023 07:27,8765432
234561,30-11-2023 19:15,5432109
890567,30-11-2023 13:50,1234567
456123,30-11-2023 17:33,8901234
678901,30-11-2023 10:58,4567890
345678,30-11-2023 21:42,6789012
901234,30-11-2023 05:16,3456789
567890,30-11-2023 08:36,9012345
234567,30-11-2023 14:21,7890123
456789,30-11-2023 20:54,5678901
789012,30-11-2023 04:29,2345678
345612,30-11-2023 12:17,8765432
678901,30-11-2023 18:02,4321098
123890,30-11-2023 09:45,7890123
567812,30-11-2023 15:29,5678901
890123,30-11-2023 07:13,1234567
234561,30-11-2023 16:07,2109876
456123,30-11-2023 11:22,6543210
789056,30-11-2023 06:46,8901234
901234,30-11-2023 22:31,9876543
567890,30-11-2023 13:03,4567890
345678,30-11-2023 17:48,3456789
123456,30-11-2023 10:33,8765432
789012,30-11-2023 19:40,5432109
234567,30-11-2023 05:05,6789012
456789,30-11-2023 08:50,2345678
678901,30-11-2023 14:35,9012345
890123,30-11-2023 21:20,4321098
345612,30-11-2023 04:58,2109876
901234,30-11-2023 12:46,3456789
567812,30-11-2023 18:31,7890123
123890,30-11-2023 09:14,5678901
789056,30-11-2023 15:59,8765432
234561,30-11-2023 07:42,1234567
890567,30-11-2023 16:53,8901234
456123,30-11-2023 11:09,5432109
678901,30-11-2023 06:24,6543210
345678,30-11-2023 22:00,9876543
901234,30-11-2023 13:32,4321098
567890,30-11-2023 17:17,2109876
234567,30-11-2023 10:02,3456789
456789,30-11-2023 19:48,8765432
789012,30-11-2023 05:31,5432109
345612,30-11-2023 08:08,7890123
678901,30-11-2023 14:43,6543210
123890,30-11-2023 21:27,4567890
567812,30-11-2023 04:12,2345678
890123,30-11-2023 12:59,5678901
234561,30-11-2023 18:44,8901234
456123,30-11-2023 09:21,8765432
789056,30-11-2023 15:05,1234567
901234,30-11-2023 07:50,7890123
567890,30-11-2023 16:36,6543210
345678,30-11-2023 11:51,4321098
123456,30-11-2023 06:15,9876543
789012,30-11-2023 21:59,3456789
234567,30-11-2023 13:26,9012345
456789,30-11-2023 17:10,5678901
678901,30-11-2023 10:45,8765432
890123,30-11-2023 19:33,2345678
345612,30-11-2023 05:19,8901234
901234,30-11-2023 08:54,4321098
567812,30-11-2023 14:38,5678901
123890,30-11-2023 20:23,1234567
789056,30-11-2023 04:07,2109876
234561,30-11-2023 12:52,8765432
890567,30-11-2023 18:38,3456789
456123,30-11-2023 09:09,6543210
678901,30-11-2023 15:54,7890123
345678,30-11-2023 07:37,4567890
901234,30-11-2023 16:21,5432109
567890,30-11-2023 11:36,9876543
234567,30-11-2023 06:02,2109876
456789,30-11-2023 21:46,8765432
789012,30-11-2023 13:10,1234567
345612,30-11-2023 17:55,8901234
678901,30-11-2023 10:30,5678901
123890,30-11-2023 19:15,4321098
567812,30-11-2023 05:50,3456789
890123,30-11-2023 08:26,6543210
234561,30-11-2023 14:11,7890123
456123,30-11-2023 20:57,4567890
789056,30-11-2023 04:41,5678901
901234,30-11-2023 12:29,4321098
567890,30-11-2023 18:14,7890123
345678,30-11-2023 09:01,6543210
123456,30-11-2023 15:46,4567890
789012,30-11-2023 07:30,2345678
234567,30-11-2023 16:38,8765432
456789,30-11-2023 11:53,1234567
678901,30-11-2023 06:19,8901234
890123,30-11-2023 21:04,5432109
345612,30-11-2023 13:41,6543210
901234,30-11-2023 17:26,9876543
567812,30-11-2023 10:11,4321098
123890,30-11-2023 19:56,2109876
789056,30-11-2023 05:31,3456789
234561,30-11-2023 08:07,8765432
890567,30-11-2023 14:52,5432109
456123,30-11-2023 20:37,7890123
678901,30-11-2023 04:22,6543210
345678,30-11-2023 12:09,4567890
901234,30-11-2023 06:41,2345678
